-- Заполнение таблицы cr_district
INSERT INTO cr_district (district_code, district_name) VALUES
(1, 'Центральный район'),
(2, 'Северный район'),
(3, 'Южный район'),
(4, 'Западный район'),
(5, 'Восточный район'),
(6, 'Приморский район'),
(7, 'Ленинский район'),
(8, 'Советский район'),
(9, 'Октябрьский район'),
(10, 'Кировский район');

-- Заполнение таблицы cr_street
INSERT INTO cr_street (street_code, street_name) VALUES
(1, 'Ленина'),
(2, 'Пушкина'),
(3, 'Гагарина'),
(4, 'Советская'),
(5, 'Мира'),
(6, 'Садовый'),
(7, 'Центральный'),
(8, 'Молодежный'),
(9, 'Школьный'),
(10, 'Новый');

-- Заполнение таблицы cr_address
INSERT INTO cr_address (district_code, street_code, building, extension, apartment) VALUES
(1, 1, '10', 'А', '15'),
(2, 2, '20', 'Б', '25'),
(3, 3, '30', 'В', '35'),
(4, 4, '40', 'Г', '45'),
(5, 5, '50', 'Д', '55'),
(6, 6, '60', 'Е', '65'),
(7, 7, '70', 'Ж', '75'),
(8, 8, '80', 'З', '85'),
(9, 9, '90', 'И', '95'),
(10, 10, '100', 'К', '105');

-- Заполнение таблицы cr_person (4 взрослых и 6 детей)
-- Взрослые
INSERT INTO cr_person (sur_name, given_name, patronymic, date_of_birth, passport_seria, passport_number, passport_date) VALUES
('Иванов', 'Иван', 'Иванович', '1980-05-15', '1234', '567890', '2010-06-20'),
('Петрова', 'Анна', 'Николаевна', '1975-11-23', '2345', '678901', '2011-07-21'),
('Сидоров', 'Сергей', 'Сергеевич', '1990-03-10', '3456', '789012', '2012-08-22'),
('Кузнецов', 'Алексей', 'Алексеевич', '1985-07-30', '4567', '890123', '2013-09-23');

-- Дети
INSERT INTO cr_person (sur_name, given_name, patronymic, date_of_birth, certificate_number, certificate_date) VALUES
('Иванова', 'Мария', 'Ивановна', '2015-02-14', 'AA123456', '2015-03-15'),
('Петрова', 'Анна', 'Петровна', '2016-04-25', 'BB234567', '2016-05-26'),
('Сидорова', 'Елена', 'Сергеевна', '2017-06-12', 'CC345678', '2017-07-13'),
('Кузнецова', 'Ольга', 'Алексеевна', '2018-08-18', 'DD456789', '2018-09-19'),
('Смирнов', 'Дмитрий', 'Иванович', '2019-09-21', 'EE567890', '2019-10-22'),
('Васильев', 'Артем', 'Петрович', '2020-10-30', 'FF678901', '2020-11-30');

-- Заполнение таблицы cr_address_person
INSERT INTO cr_address_person (address_id, person_id, start_date, end_date) VALUES
(1, 1, '2010-01-01', NULL),
(1, 2, '2011-01-01', NULL),
(1, 3, '2012-01-01', '2020-12-31'),
(1, 4, '2013-01-01', NULL),
(1, 5, '2015-01-01', NULL),
(1, 6, '2016-01-01', NULL),
(1, 7, '2017-01-01', NULL),
(1, 8, '2018-01-01', NULL),
(1, 9, '2019-01-01', NULL),
(1, 10, '2020-01-01', NULL);